{"cameraMode":{"drawMode":0,"name":"Shaded","section":"Shading Mode"},"sceneLighting":true,"audioPlay":false,"sceneViewState":{"showFog":true,"showMaterialUpdate":false,"showSkybox":true,"showFlares":true,"showImageEffects":true,"showParticleSystems":true,"showVisualEffectGraphs":true,"m_FxEnabled":true},"in2DMode":false,"pivot":{"x":-9.579634666442871,"y":4.943581581115723,"z":5.174062252044678},"rotation":{"x":-0.0013936440227553249,"y":-0.9950098395347595,"z":0.0988290086388588,"w":-0.014033318497240544},"size":2.7990520000457765,"orthographic":false}