{"cameraMode":{"drawMode":0,"name":"Shaded","section":"Shading Mode"},"sceneLighting":true,"audioPlay":false,"sceneViewState":{"showFog":true,"showMaterialUpdate":false,"showSkybox":true,"showFlares":true,"showImageEffects":true,"showParticleSystems":true,"showVisualEffectGraphs":true,"m_FxEnabled":true},"in2DMode":false,"pivot":{"x":10.882619857788086,"y":7.072775363922119,"z":-0.05129048228263855},"rotation":{"x":-0.019637098535895349,"y":-0.2145954966545105,"z":-0.004293583333492279,"w":0.9765260219573975},"size":0.222140371799469,"orthographic":false}